user,soup
user 1,"data science for beginners what is data science data science in 5 minutes what is data science for beginners data science tutorial data science applications introduction to data science data science with python who is a data scientist data scientist day in the life what does data scientist do a day in the life of a data scientist data science explained learn data science data science tutorial for beginners data science simplilearn data science simplilearn t h i s   d a t a   s c i e n c e   t u t o r i a l   v i d e o   w i l l   g i v e   y o u   a n   i d e a   o n   t h e   l i f e   o f   a   d a t a   s c i e n t i s t ,   s t e p s   i n v o l v e d   i n   d a t a   s c i e n c e   p r o j e c t ,   r o l e s   &   s a l a r y   o f f e r e d   t o   a   d a t a   s c i e n t i s t .   d a t a   i s   e v e r y w h e r e .   i n   f a c t ,   t h e   a m o u n t   o f   d i g i t a l   d a t a   t h a t   e x i s t s   i s   g r o w i n g   a t   a   r a p i d   r a t e ,   d o u b l i n g   e v e r y   t w o   y e a r s ,   a n d   c h a n g i n g   t h e   w a y   w e   l i v e .   d a t a   s c i e n c e   i s   b a s i c a l l y   d e a l i n g   w i t h   u n s t r u c t u r e d   a n d   s t r u c t u r e d   d a t a .   d a t a   s c i e n c e   i s   a   f i e l d   t h a t   c o m p r i s e s   o f   e v e r y t h i n g   t h a t   i s   r e l a t e d   t o   d a t a   c l e a n s i n g ,   p r e p a r a t i o n ,   a n d   a n a l y s i s .   i n   s i m p l e   t e r m s ,   i t   i s   t h e   u m b r e l l a   o f   t e c h n i q u e s   u s e d   w h e n   t r y i n g   t o   e x t r a c t   i n s i g h t s   a n d   i n f o r m a t i o n   f r o m   d a t a .   n o w ,   l e t   u s   g e t   s t a r t e d   a n d   u n d e r s t a n d   w h a t   i s   d a t a   s c i e n c e   a l l   a b o u t . 
 
 b e l o w   t o p i c s   a r e   e x p l a i n e d   i n   t h i s   d a t a   s c i e n c e   t u t o r i a l : 
 1 .   l i f e   o f   a   d a t a   s c i e n t i s t 
 2 .   s t e p s   i n   d a t a   s c i e n c e   p r o j e c t 
   -   u n d e r s t a n d i n g   t h e   b u s i n e s s   p r o b l e m 
   -   d a t a   a c q u i s i t i o n 
   -   d a t a   p r e p a r a t i o n 
   -   e x p l o r a t o r y   d a t a   a n a l y s i s 
   -   d a t a   m o d e l i n g 
   -   v i s u a l i z a t i o n   a n d   c o m m u n i c a t i o n 
   -   d e p l o y   &   m a i n t e n a n c e 
 3 .   r o l e s   o f f e r e d   t o   a   d a t a   s c i e n t i s t 
 4 .   s a l a r y   o f   a   d a t a   s c i e n t i s t 
 
 t o   l e a r n   m o r e   a b o u t   d a t a   s c i e n c e ,   s u b s c r i b e   t o   o u r   y o u t u b e   c h a n n e l :   
 
 r e a d   t h e   f u l l   a r t i c l e   h e r e :   
 
 w a t c h   m o r e   v i d e o s   o n   d a t a   s c i e n c e :   
 
             
 
 t h i s   d a t a   s c i e n c e   w i t h   p y t h o n   c o u r s e   w i l l   e s t a b l i s h   y o u r   m a s t e r y   o f   d a t a   s c i e n c e   a n d   a n a l y t i c s   t e c h n i q u e s   u s i n g   p y t h o n .   w i t h   t h i s   p y t h o n   f o r   d a t a   s c i e n c e   c o u r s e ,   y o u ’ l l   l e a r n   t h e   e s s e n t i a l   c o n c e p t s   o f   p y t h o n   p r o g r a m m i n g   a n d   b e c o m e   a n   e x p e r t   i n   d a t a   a n a l y t i c s ,   m a c h i n e   l e a r n i n g ,   d a t a   v i s u a l i z a t i o n ,   w e b   s c r a p i n g   a n d   n a t u r a l   l a n g u a g e   p r o c e s s i n g .   p y t h o n   i s   a   r e q u i r e d   s k i l l   f o r   m a n y   d a t a   s c i e n c e   p o s i t i o n s ,   s o   j u m p s t a r t   y o u r   c a r e e r   w i t h   t h i s   i n t e r a c t i v e ,   h a n d s - o n   c o u r s e . 
 
 w h y   l e a r n   d a t a   s c i e n c e ?   
 d a t a   s c i e n t i s t s   a r e   b e i n g   d e p l o y e d   i n   a l l   k i n d s   o f   i n d u s t r i e s ,   c r e a t i n g   a   h u g e   d e m a n d   f o r   s k i l l e d   p r o f e s s i o n a l s .   d a t a   s c i e n t i s t   i s   t h e   p i n n a c l e   r a n k   i n   a n   a n a l y t i c s   o r g a n i z a t i o n .   g l a s s d o o r   h a s   r a n k e d   d a t a   s c i e n t i s t   f i r s t   i n   t h e   2 5   b e s t   j o b s   f o r   2 0 1 6 ,   a n d   g o o d   d a t a   s c i e n t i s t s   a r e   s c a r c e   a n d   i n   g r e a t   d e m a n d .   a s   a   d a t a   y o u   w i l l   b e   r e q u i r e d   t o   u n d e r s t a n d   t h e   b u s i n e s s   p r o b l e m ,   d e s i g n   t h e   a n a l y s i s ,   c o l l e c t   a n d   f o r m a t   t h e   r e q u i r e d   d a t a ,   a p p l y   a l g o r i t h m s   o r   t e c h n i q u e s   u s i n g   t h e   c o r r e c t   t o o l s ,   a n d   f i n a l l y   m a k e   r e c o m m e n d a t i o n s   b a c k e d   b y   d a t a . 
 
 y o u   c a n   g a i n   i n - d e p t h   k n o w l e d g e   o f   d a t a   s c i e n c e   b y   t a k i n g   o u r   d a t a   s c i e n c e   w i t h   p y t h o n   c e r t i f i c a t i o n   t r a i n i n g   c o u r s e .   w i t h   s i m p l i l e a r n ’ s   d a t a   s c i e n c e   c e r t i f i c a t i o n   t r a i n i n g   c o u r s e ,   y o u   w i l l   p r e p a r e   f o r   a   c a r e e r   a s   a   d a t a   s c i e n t i s t   a s   y o u   m a s t e r   a l l   t h e   c o n c e p t s   a n d   t e c h n i q u e s .   t h o s e   w h o   c o m p l e t e   t h e   c o u r s e   w i l l   b e   a b l e   t o :   
 
 1 .   g a i n   a n   i n - d e p t h   u n d e r s t a n d i n g   o f   d a t a   s c i e n c e   p r o c e s s e s ,   d a t a   w r a n g l i n g ,   d a t a   e x p l o r a t i o n ,   d a t a   v i s u a l i z a t i o n ,   h y p o t h e s i s   b u i l d i n g ,   a n d   t e s t i n g .   y o u   w i l l   a l s o   l e a r n   t h e   b a s i c s   o f   s t a t i s t i c s . 
 i n s t a l l   t h e   r e q u i r e d   p y t h o n   e n v i r o n m e n t   a n d   o t h e r   a u x i l i a r y   t o o l s   a n d   l i b r a r i e s 
 2 .   u n d e r s t a n d   t h e   e s s e n t i a l   c o n c e p t s   o f   p y t h o n   p r o g r a m m i n g   s u c h   a s   d a t a   t y p e s ,   t u p l e s ,   l i s t s ,   d i c t s ,   b a s i c   o p e r a t o r s   a n d   f u n c t i o n s 
 3 .   p e r f o r m   h i g h - l e v e l   m a t h e m a t i c a l   c o m p u t i n g   u s i n g   t h e   n u m p y   p a c k a g e   a n d   i t s   l a r g e   l i b r a r y   o f   m a t h e m a t i c a l   f u n c t i o n s 
 p e r f o r m   s c i e n t i f i c   a n d   t e c h n i c a l   c o m p u t i n g   u s i n g   t h e   s c i p y   p a c k a g e   a n d   i t s   s u b - p a c k a g e s   s u c h   a s   i n t e g r a t e ,   o p t i m i z e ,   s t a t i s t i c s ,   i o   a n d   w e a v e 
 4 .   p e r f o r m   d a t a   a n a l y s i s   a n d   m a n i p u l a t i o n   u s i n g   d a t a   s t r u c t u r e s   a n d   t o o l s   p r o v i d e d   i n   t h e   p a n d a s   p a c k a g e 
 5 .   g a i n   e x p e r t i s e   i n   m a c h i n e   l e a r n i n g   u s i n g   t h e   s c i k i t - l e a r n   p a c k a g e 
 
 t h e   d a t a   s c i e n c e   w i t h   p y t h o n   i s   r e c o m m e n d e d   f o r :   
 1 .   a n a l y t i c s   p r o f e s s i o n a l s   w h o   w a n t   t o   w o r k   w i t h   p y t h o n 
 2 .   s o f t w a r e   p r o f e s s i o n a l s   l o o k i n g   t o   g e t   i n t o   t h e   f i e l d   o f   a n a l y t i c s 
 3 .   i t   p r o f e s s i o n a l s   i n t e r e s t e d   i n   p u r s u i n g   a   c a r e e r   i n   a n a l y t i c s 
 4 .   g r a d u a t e s   l o o k i n g   t o   b u i l d   a   c a r e e r   i n   a n a l y t i c s   a n d   d a t a   s c i e n c e 
 5 .   e x p e r i e n c e d   p r o f e s s i o n a l s   w h o   w o u l d   l i k e   t o   h a r n e s s   d a t a   s c i e n c e   i n   t h e i r   f i e l d s 
 
 l e a r n   m o r e   a t :   
 
 f o r   m o r e   i n f o r m a t i o n   a b o u t   s i m p l i l e a r n ’ s   c o u r s e s ,   v i s i t :   
 -   f a c e b o o k :     
 -   t w i t t e r :     
 -   l i n k e d i n :   . . .   
 -   w e b s i t e :     
 
 g e t   t h e   a n d r o i d   a p p :     
 g e t   t h e   i o s   a p p :           d a t a   s c i e n c e   i n   5   m i n u t e s   |   d a t a   s c i e n c e   f o r   b e g i n n e r s   |   w h a t   i s   d a t a   s c i e n c e ?   |   s i m p l i l e a r ndata science python data science with python python for data science python data science learn python for data science python data science tutorial python data learn python for data science online free data science with python tutorial learn python for data science from scratch learn python for data science online data science tutorial data science for beginners python data analysis w e l c o m e   t o   t h e   1 s t   e p i s o d e   o f   l e a r n   p y t h o n   f o r   d a t a   s c i e n c e !   t h i s   s e r i e s   w i l l   t e a c h   y o u   p y t h o n   a n d   d a t a   s c i e n c e   a t   t h e   s a m e   t i m e !   i n   t h i s   v i d e o   w e   i n s t a l l   p y t h o n   a n d   o u r   t e x t   e d i t o r   ( s u b l i m e   t e x t ) ,   t h e n   b u i l d   a   g e n d e r   c l a s s i f i e r   u s i n g   t h e   s c i - k i t   l e a r n   l i b r a r y   i n   j u s t   a b o u t   1 0   l i n e s   o f   c o d e . 
 
 p l e a s e   s u b s c r i b e   &   s h a r e   t h i s   v i d e o   i f   y o u   l i k e d   i t ! 
 
 t h e   c o d e   f o r   t h i s   v i d e o   i s   h e r e : 
 
 
 i   c r e a t e d   a   s l a c k   c h a n n e l   f o r   u s ,   s i g n   u p   h e r e : 
 
 
 d o w n l o a d   p y t h o n   h e r e : 
 
 
 d o w n l o a d   s u b l i m e   t e x t   h e r e : 
 
 
 s o m e   g r e a t   s i m p l e   s c i - k i t   l e a r n   e x a m p l e s   h e r e : 
 
 
 a n d   t h e   o f f i c i a l   s c i k i t   w e b s i t e : 
 
 
 h i g h l y   r e c o m m e n d   t h i s   o n l i n e   b o o k   a s   s u p p l e m e n t a r y   r e a d i n g   m a t e r i a l : 
 
 
 w o n d e r i n g   w h e n   t o   u s e   w h i c h   m o d e l ?   t h i s   c h a r t   h e l p s ,   b u t   k e e p   i n   m i n d   d e e p   n e u r a l   n e t s   o u t p e r f o r m   p r e t t y   m u c h   a n y   m o d e l   g i v e n   e n o u g h   d a t a   a n d   c o m p u t i n g   p o w e r .   s o   u s e   t h e s e   w h e n   y o u   d o n ' t   h a v e   a c c e s s   t o   l o a d s   o f   d a t a   a n d   c o m p u t e : 
 
 
 t h a n k   y o u   g u y s   f o r   w a t c h i n g !   s u b s c r i b e ,   l i k e ,   a n d   c o m m e n t !   t h a t ' s   w h a t   k e e p s   m e   g o i n g .   f e e l   f r e e   t o   s u p p o r t   m e   o n   p a t r e o n : 
 
 
 f o l l o w   m e : 
 t w i t t e r :   
 f a c e b o o k :     i n s t a g r a m :     i n s t a g r a m :     
 s i g n u p   f o r   m y   n e w s l e t t e r   f o r   e x c i t i n g   u p d a t e s   i n   t h e   f i e l d   o f   a i : 
 
 h i t   t h e   j o i n   b u t t o n   a b o v e   t o   s i g n   u p   t o   b e c o m e   a   m e m b e r   o f   m y   c h a n n e l   f o r   a c c e s s   t o   e x c l u s i v e   c o n t e n t !         i n t r o d u c t i o n   -   l e a r n   p y t h o n   f o r   d a t a   s c i e n c e   # 1"
